"","rf.final.importance...3.","rf.final.importance...3.","rf.final.importance...3.","rf.final.importance...3.","rf.final.importance...3.","rf.final.importance...3.","rf.final.importance...3.","rf.final.importance...3.","rf.final.importance...3.","rf.final.importance...3.","Avg"
"PC1.y",0.073460825866818,0.0715742584120789,0.069667772130411,0.08810914072963,0.0754797290769836,0.0673080153764361,0.0797922025117126,0.0735863652930586,0.0688686101214505,0.0701553069404984,0.0738002226459078
"PC2.y",0.0774968336127448,0.0809756605522174,0.0678175681302654,0.0766650188242544,0.0778443105521347,0.0743091490839259,0.0803654458832958,0.0753707715531048,0.0813054509656498,0.0739510748550517,0.0766101284012645
"PC3.y",0.0743633578611457,0.0667402670349308,0.0680846302764551,0.0690978412097453,0.0694106215956437,0.0663366417318517,0.0707537911414917,0.0690621487616206,0.0709951134879967,0.0639011316236338,0.0688745544724515
"PC4.y",0.102871138643961,0.107047406622174,0.0967397047859293,0.117947863547693,0.109038658933492,0.110511088716665,0.115038956358451,0.1161237119691,0.101675659977913,0.110795567514495,0.108778975706987
"PC5.y",0.0571200882000586,0.0591841296866738,0.050411435606611,0.0573192095478723,0.0622258641578959,0.0516465054919089,0.0611363259288592,0.0654630994644074,0.0604471905884144,0.0548084718222941,0.0579762320494996
"PC6.y",0.0627667526532391,0.0682951677481999,0.0597604594033534,0.0644184080885394,0.0642166148432087,0.0631613342386847,0.0623813592605383,0.0640006935381978,0.0560308749347899,0.0633043367940411,0.0628336001502792
"PC7.y",0.0656849924397283,0.0762989533387396,0.0713176945897576,0.0727465370675455,0.0788151275963662,0.0733210346373012,0.07035207525449,0.0741202111456741,0.0717067257925817,0.0722251053963593,0.0726588457258544
