"","rf.final.importance...3.","rf.final.importance...3.","rf.final.importance...3.","rf.final.importance...3.","rf.final.importance...3.","rf.final.importance...3.","rf.final.importance...3.","rf.final.importance...3.","rf.final.importance...3.","rf.final.importance...3.","Avg"
"PC1",0.0639881636907975,0.0628490988850049,0.0573183122346534,0.0697984135475031,0.053675788586514,0.0619326267683867,0.0618258667161171,0.0669432179750794,0.0616105160015797,0.0513350393230877,0.0611277043728723
"PC2",0.055917809903849,0.0480716671095588,0.0540681998119445,0.0545731906526336,0.0497547034398632,0.0528140354015279,0.0613860767614003,0.0577776998443389,0.0571854850585458,0.0484595639381337,0.0540008431921796
"PC3",0.0410199091568231,0.0444538144752833,0.0400836126331518,0.0514688772535138,0.0415904165021844,0.0491853379029436,0.042577438839614,0.0435088310310335,0.0482079264354606,0.0447379502511856,0.0446834114481194
"PC4",0.0364173951695169,0.0280856860687325,0.0377703642602393,0.024886510243061,0.0370312435514385,0.0316996171056058,0.0279540217832035,0.0299842572626757,0.0298343969763472,0.0260945225957883,0.0309758015016609
"PC5",0.0111819173256767,0.0109097172286317,0.0112089630157017,0.00998028204575575,0.0104591283641164,0.0105031975511675,0.0118759381596088,0.00947088526344947,0.0116587592374138,0.0109655494331229,0.0108214337624645
"PC6",0.034053136503367,0.0218049923233263,0.0303513831008619,0.025754781952114,0.0236514279020534,0.0321192252351689,0.0326172904632267,0.0327781660536692,0.0264506524002989,0.0285491070001778,0.0288130162934264
"PC7",0.0410948910805329,0.0409306228807135,0.0480078846853365,0.0583244066584317,0.0508939742979694,0.0411292538483693,0.0436043101495366,0.0432643236298497,0.044372140700878,0.0452440510516532,0.0456865858983271
"PC8",0.028625512481442,0.0213164694649769,0.0259666603397896,0.0267353232154222,0.0271243527354869,0.0245562270457733,0.026539187310826,0.0219100976355343,0.0266843365306034,0.0256741302881028,0.0255132297047957
"PC9",0.0193107359996974,0.0181138203816727,0.0194468713351595,0.0244647504311992,0.0233092638807449,0.0241114822091332,0.0246049068586413,0.0230007111882691,0.0208387160955965,0.0191301519350767,0.021633141031519
"PC10",0.0398754249352314,0.0401373428988368,0.046489428077988,0.0382168792235515,0.0474524232021142,0.0374077510652164,0.0417790083564418,0.0458608843315115,0.0427678869721798,0.0520523976597594,0.0432039426722831
